{"rf_d2v": {"results": {"Accuracy": 0.4953271028037383, "Precision": 0.4953271028037383, "Recall": 0.4953271028037383, "Kappa": 0.04306061609804568}}, "rf_tfidf": {"results": {"Accuracy": 0.9719626168224299, "Precision": 0.9719626168224299, "Recall": 0.9719626168224299, "Kappa": 0.9515105740181269}}, "bilstm_embeddings": {"results": {"Accuracy": 0.887499988079071, "F1": 0.869949460029602, "Loss": 0.25669389963150024, "Kappa": 0.8088791370391846}}, "TEncoder": {"results": {"Accuracy": 0.9065420627593994, "F1": 0.8812620639801025, "Loss": 0.25756531953811646, "Kappa": 0.8311770558357239}}}